{"cameraMode":{"drawMode":0,"name":"Shaded","section":"Shading Mode"},"sceneLighting":true,"audioPlay":false,"sceneViewState":{"showFog":true,"showMaterialUpdate":false,"showSkybox":true,"showFlares":true,"showImageEffects":true,"showParticleSystems":true},"in2DMode":false,"pivot":{"x":19.341529846191408,"y":5.8989458084106449,"z":9.039454460144043},"rotation":{"x":-0.29293233156204226,"y":0.6033151745796204,"z":-0.25351834297180178,"w":-0.6970868110656738},"size":14.310219764709473,"orthographic":false}